id,show_id,title,show_name,release_date,rating,processed_rating,cast,actors,genres,character_names,overview,ai_plot_summary,manual_review
2553141,114479.0,Lost / Found,The Acolyte,2024-06-04,5.474,2.737,"[{'name': 'Amandla Stenberg', 'character': ""Mae-ho 'Mae' Aniseya / Verosha 'Osha' Aniseya"", 'gender': 'Nonbinary'}, {'name': 'Lee Jung-jae', 'character': 'Master Sol', 'gender': 'Male'}, {'name': 'Anthony J. Abraham', 'character': 'Fillik', 'gender': 'Male'}, {'name': 'Danielle Xin Yao Waterman', 'character': 'Youngling', 'gender': 'Unknown'}, {'name': 'Sienna Khiroya', 'character': 'Youngling', 'gender': 'Unknown'}, {'name': 'Jeramiah Evans', 'character': 'Youngling', 'gender': 'Unknown'}, {'name': 'Dan Milne', 'character': 'Restrained Convict', 'gender': 'Male'}, {'name': 'Thomas Coombes', 'character': 'Convict', 'gender': 'Male'}, {'name': 'Leah Brady', 'character': 'Little Mae', 'gender': 'Female'}, {'name': 'Carrie-Anne Moss', 'character': 'Master Indara', 'gender': 'Female'}, {'name': 'Jodie Turner-Smith', 'character': 'Mother Aniseya', 'gender': 'Female'}, {'name': 'Charlie Barnett', 'character': 'Yord Fandar', 'gender': 'Male'}, {'name': 'Dafne Keen', 'character': 'Jecki Lon', 'gender': 'Female'}, {'name': 'Lauren Brady', 'character': 'Little Osha', 'gender': 'Female'}, {'name': 'Rebecca Henderson', 'character': 'Master Vernestra Rwoh', 'gender': 'Female'}, {'name': 'Thara Schöön', 'character': 'Tasi Lowa', 'gender': 'Female'}]","['Amandla Stenberg', 'Lee Jung-jae', 'Anthony J. Abraham', 'Danielle Xin Yao Waterman', 'Sienna Khiroya', 'Jeramiah Evans', 'Dan Milne', 'Thomas Coombes', 'Leah Brady', 'Carrie-Anne Moss', 'Jodie Turner-Smith', 'Charlie Barnett', 'Dafne Keen', 'Lauren Brady', 'Rebecca Henderson', 'Thara Schöön']","['Mystery', 'Sci-Fi & Fantasy']","[""Mae-ho 'Mae' Aniseya / Verosha 'Osha' Aniseya"", 'Master Sol', 'Fillik', 'Youngling', 'Youngling', 'Youngling', 'Restrained Convict', 'Convict', 'Little Mae', 'Master Indara', 'Mother Aniseya', 'Yord Fandar', 'Jecki Lon', 'Little Osha', 'Master Vernestra Rwoh', 'Tasi Lowa']",The Jedi pursue a suspect after a shocking crime.,,
5220947,114479.0,Revenge / Justice,The Acolyte,2024-06-04,5.121,2.5605,"[{'name': 'Amandla Stenberg', 'character': ""Mae-ho 'Mae' Aniseya / Verosha 'Osha' Aniseya"", 'gender': 'Nonbinary'}, {'name': 'Lee Jung-jae', 'character': 'Master Sol', 'gender': 'Male'}, {'name': 'Leah Brady', 'character': 'Little Mae', 'gender': 'Female'}, {'name': 'Archie Singh Swali', 'character': 'Olega Urchin', 'gender': 'Female'}, {'name': 'Nick Court', 'character': 'Olega Master', 'gender': 'Male'}, {'name': 'Ed Kear', 'character': 'Olega Padawan', 'gender': 'Male'}, {'name': 'Jumayn Hunter', 'character': 'Scavenger', 'gender': 'Male'}, {'name': 'Scroobius Pip', 'character': 'Scavenger', 'gender': 'Male'}, {'name': 'Dean-Charles Chapman', 'character': 'Master Torbin', 'gender': 'Male'}, {'name': 'Joonas Suotamo', 'character': 'Kelnacca', 'gender': 'Male'}, {'name': 'Charlie Barnett', 'character': 'Yord Fandar', 'gender': 'Male'}, {'name': 'Dafne Keen', 'character': 'Jecki Lon', 'gender': 'Female'}, {'name': 'Manny Jacinto', 'character': 'Qimir', 'gender': 'Male'}, {'name': 'Rebecca Henderson', 'character': 'Master Vernestra Rwoh', 'gender': 'Female'}]","['Amandla Stenberg', 'Lee Jung-jae', 'Leah Brady', 'Archie Singh Swali', 'Nick Court', 'Ed Kear', 'Jumayn Hunter', 'Scroobius Pip', 'Dean-Charles Chapman', 'Joonas Suotamo', 'Charlie Barnett', 'Dafne Keen', 'Manny Jacinto', 'Rebecca Henderson']","['Mystery', 'Sci-Fi & Fantasy']","[""Mae-ho 'Mae' Aniseya / Verosha 'Osha' Aniseya"", 'Master Sol', 'Little Mae', 'Olega Urchin', 'Olega Master', 'Olega Padawan', 'Scavenger', 'Scavenger', 'Master Torbin', 'Kelnacca', 'Yord Fandar', 'Jecki Lon', 'Qimir', 'Master Vernestra Rwoh']","An assassin strikes again, but this time the Jedi are there to attempt capture.",,
5220954,114479.0,Destiny,The Acolyte,2024-06-11,4.063,2.0315,"[{'name': 'Amandla Stenberg', 'character': ""Mae-ho 'Mae' Aniseya / Verosha 'Osha' Aniseya"", 'gender': 'Nonbinary'}, {'name': 'Lee Jung-jae', 'character': 'Master Sol', 'gender': 'Male'}, {'name': 'Leah Brady', 'character': 'Little Mae', 'gender': 'Female'}, {'name': 'Carrie-Anne Moss', 'character': 'Master Indara', 'gender': 'Female'}, {'name': 'Jodie Turner-Smith', 'character': 'Mother Aniseya', 'gender': 'Female'}, {'name': 'Joonas Suotamo', 'character': 'Kelnacca', 'gender': 'Male'}, {'name': 'Abigail Thorn', 'character': 'Ensign Eurus', 'gender': 'Female'}, {'name': 'Margarita Levieva', 'character': 'Mother Koril', 'gender': 'Female'}, {'name': 'Amy Tsang', 'character': 'Ensign Rane', 'gender': 'Female'}, {'name': 'Saskia Allen', 'character': 'Scout Sarria', 'gender': 'Female'}, {'name': 'Deborah Rosan', 'character': 'Ensign Shima', 'gender': 'Female'}, {'name': 'Tabitha Alege', 'character': 'Elder Jaalyn', 'gender': 'Unknown'}, {'name': 'Lauren Brady', 'character': 'Little Osha', 'gender': 'Female'}, {'name': 'Dean-Charles Chapman', 'character': 'Torbin', 'gender': 'Male'}]","['Amandla Stenberg', 'Lee Jung-jae', 'Leah Brady', 'Carrie-Anne Moss', 'Jodie Turner-Smith', 'Joonas Suotamo', 'Abigail Thorn', 'Margarita Levieva', 'Amy Tsang', 'Saskia Allen', 'Deborah Rosan', 'Tabitha Alege', 'Lauren Brady', 'Dean-Charles Chapman']","['Mystery', 'Sci-Fi & Fantasy']","[""Mae-ho 'Mae' Aniseya / Verosha 'Osha' Aniseya"", 'Master Sol', 'Little Mae', 'Master Indara', 'Mother Aniseya', 'Kelnacca', 'Ensign Eurus', 'Mother Koril', 'Ensign Rane', 'Scout Sarria', 'Ensign Shima', 'Elder Jaalyn', 'Little Osha', 'Torbin']","On a mysterious planet, the tragic journey of two sisters begins.",,
5220955,114479.0,Day,The Acolyte,2024-06-18,4.451,2.2255,"[{'name': 'Amandla Stenberg', 'character': ""Mae-ho 'Mae' Aniseya / Verosha 'Osha' Aniseya"", 'gender': 'Nonbinary'}, {'name': 'Lee Jung-jae', 'character': 'Master Sol', 'gender': 'Male'}, {'name': 'Joonas Suotamo', 'character': 'Kelnacca', 'gender': 'Male'}, {'name': 'Charlie Barnett', 'character': 'Yord Fandar', 'gender': 'Male'}, {'name': 'Dafne Keen', 'character': 'Jecki Lon', 'gender': 'Female'}, {'name': 'Paul Bullion', 'character': 'Master Lakshay', 'gender': 'Male'}, {'name': 'Indra Ové', 'character': 'Master Holden', 'gender': 'Female'}, {'name': 'Derek Arnold', 'character': 'Master Ki-Adi-Mundi', 'gender': 'Unknown'}, {'name': 'Lewis Young', 'character': 'Jedi Knight', 'gender': 'Male'}, {'name': 'Manny Jacinto', 'character': 'Qimir', 'gender': 'Male'}, {'name': 'Rebecca Henderson', 'character': 'Master Vernestra Rwoh', 'gender': 'Female'}]","['Amandla Stenberg', 'Lee Jung-jae', 'Joonas Suotamo', 'Charlie Barnett', 'Dafne Keen', 'Paul Bullion', 'Indra Ové', 'Derek Arnold', 'Lewis Young', 'Manny Jacinto', 'Rebecca Henderson']","['Mystery', 'Sci-Fi & Fantasy']","[""Mae-ho 'Mae' Aniseya / Verosha 'Osha' Aniseya"", 'Master Sol', 'Kelnacca', 'Yord Fandar', 'Jecki Lon', 'Master Lakshay', 'Master Holden', 'Master Ki-Adi-Mundi', 'Jedi Knight', 'Qimir', 'Master Vernestra Rwoh']","Racing to the next target, the Jedi head to a new world as they close in on the clever assassin.",,
5220956,114479.0,Night,The Acolyte,2024-06-25,5.135,2.5675,"[{'name': 'Amandla Stenberg', 'character': ""Mae-ho 'Mae' Aniseya / Verosha 'Osha' Aniseya"", 'gender': 'Nonbinary'}, {'name': 'Lee Jung-jae', 'character': 'Master Sol', 'gender': 'Male'}, {'name': 'Joonas Suotamo', 'character': 'Kelnacca', 'gender': 'Male'}, {'name': 'Charlie Barnett', 'character': 'Yord Fandar', 'gender': 'Male'}, {'name': 'Dafne Keen', 'character': 'Jecki Lon', 'gender': 'Female'}, {'name': 'Manny Jacinto', 'character': 'Qimir', 'gender': 'Male'}]","['Amandla Stenberg', 'Lee Jung-jae', 'Joonas Suotamo', 'Charlie Barnett', 'Dafne Keen', 'Manny Jacinto']","['Mystery', 'Sci-Fi & Fantasy']","[""Mae-ho 'Mae' Aniseya / Verosha 'Osha' Aniseya"", 'Master Sol', 'Kelnacca', 'Yord Fandar', 'Jecki Lon', 'Qimir']","In a dense jungle, the Jedi are put to the test when they confront a rising darkness.",,
5220957,114479.0,Teach / Corrupt,The Acolyte,2024-07-02,4.133,2.0665,"[{'name': 'Amandla Stenberg', 'character': ""Mae-ho 'Mae' Aniseya / Verosha 'Osha' Aniseya"", 'gender': 'Nonbinary'}, {'name': 'Lee Jung-jae', 'character': 'Master Sol', 'gender': 'Male'}, {'name': 'Charlie Barnett', 'character': 'Yord Fandar', 'gender': 'Male'}, {'name': 'Dafne Keen', 'character': 'Jecki Lon', 'gender': 'Female'}, {'name': 'Manny Jacinto', 'character': 'Qimir', 'gender': 'Male'}, {'name': 'Rebecca Henderson', 'character': 'Master Vernestra Rwoh', 'gender': 'Female'}, {'name': 'Harry Trevaldwyn', 'character': 'Mog Adana', 'gender': 'Male'}]","['Amandla Stenberg', 'Lee Jung-jae', 'Charlie Barnett', 'Dafne Keen', 'Manny Jacinto', 'Rebecca Henderson', 'Harry Trevaldwyn']","['Mystery', 'Sci-Fi & Fantasy']","[""Mae-ho 'Mae' Aniseya / Verosha 'Osha' Aniseya"", 'Master Sol', 'Yord Fandar', 'Jecki Lon', 'Qimir', 'Master Vernestra Rwoh', 'Mog Adana']","On a distant island, unsettling questions about identity and destiny arise.",,
5220958,114479.0,Choice,The Acolyte,2024-07-09,4.3,2.15,"[{'name': 'Amandla Stenberg', 'character': ""Mae-ho 'Mae' Aniseya / Verosha 'Osha' Aniseya"", 'gender': 'Nonbinary'}, {'name': 'Lee Jung-jae', 'character': 'Master Sol', 'gender': 'Male'}, {'name': 'Leah Brady', 'character': 'Little Mae', 'gender': 'Female'}, {'name': 'Carrie-Anne Moss', 'character': 'Master Indara', 'gender': 'Female'}, {'name': 'Jodie Turner-Smith', 'character': 'Mother Aniseya', 'gender': 'Female'}, {'name': 'Joonas Suotamo', 'character': 'Kelnacca', 'gender': 'Male'}, {'name': 'Abigail Thorn', 'character': 'Ensign Eurus', 'gender': 'Female'}, {'name': 'Margarita Levieva', 'character': 'Mother Koril', 'gender': 'Female'}, {'name': 'Amy Tsang', 'character': 'Ensign Rane', 'gender': 'Female'}, {'name': 'Saskia Allen', 'character': 'Scout Sarria', 'gender': 'Female'}, {'name': 'Deborah Rosan', 'character': 'Ensign Shima', 'gender': 'Female'}, {'name': 'Tabitha Alege', 'character': 'Elder Jaalyn', 'gender': 'Unknown'}, {'name': 'Lauren Brady', 'character': 'Little Osha', 'gender': 'Female'}, {'name': 'Dean-Charles Chapman', 'character': 'Torbin', 'gender': 'Male'}]","['Amandla Stenberg', 'Lee Jung-jae', 'Leah Brady', 'Carrie-Anne Moss', 'Jodie Turner-Smith', 'Joonas Suotamo', 'Abigail Thorn', 'Margarita Levieva', 'Amy Tsang', 'Saskia Allen', 'Deborah Rosan', 'Tabitha Alege', 'Lauren Brady', 'Dean-Charles Chapman']","['Mystery', 'Sci-Fi & Fantasy']","[""Mae-ho 'Mae' Aniseya / Verosha 'Osha' Aniseya"", 'Master Sol', 'Little Mae', 'Master Indara', 'Mother Aniseya', 'Kelnacca', 'Ensign Eurus', 'Mother Koril', 'Ensign Rane', 'Scout Sarria', 'Ensign Shima', 'Elder Jaalyn', 'Little Osha', 'Torbin']",A bitter truth is revealed.,,
5220959,114479.0,The Acolyte,The Acolyte,2024-07-16,4.486,2.243,"[{'name': 'Amandla Stenberg', 'character': ""Mae-ho 'Mae' Aniseya / Verosha 'Osha' Aniseya"", 'gender': 'Nonbinary'}, {'name': 'Lee Jung-jae', 'character': 'Master Sol', 'gender': 'Male'}, {'name': 'Manny Jacinto', 'character': 'Qimir', 'gender': 'Male'}, {'name': 'Rebecca Henderson', 'character': 'Master Vernestra Rwoh', 'gender': 'Female'}, {'name': 'Harry Trevaldwyn', 'character': 'Mog Adana', 'gender': 'Male'}, {'name': 'David Harewood', 'character': 'Senator Rayencourt', 'gender': 'Male'}]","['Amandla Stenberg', 'Lee Jung-jae', 'Manny Jacinto', 'Rebecca Henderson', 'Harry Trevaldwyn', 'David Harewood']","['Mystery', 'Sci-Fi & Fantasy']","[""Mae-ho 'Mae' Aniseya / Verosha 'Osha' Aniseya"", 'Master Sol', 'Qimir', 'Master Vernestra Rwoh', 'Mog Adana', 'Senator Rayencourt']",Confrontation and revelation await.,,
3947845,203085.0,Justice,Star Wars: Tales of the Jedi,2022-10-26,7.5,3.75,"[{'name': 'Micheál Richardson', 'character': 'Qui-Gon Jinn (voice)', 'gender': 'Male'}, {'name': 'Mark Rolston', 'character': 'Senator Dagonet (voice)', 'gender': 'Male'}, {'name': 'Josh Keaton', 'character': ""Senator's Son (voice)"", 'gender': 'Male'}, {'name': 'Vanessa Marshall', 'character': 'Village Elder (voice)', 'gender': 'Female'}, {'name': 'Corey Burton', 'character': 'Armed Villager / Dooku (voice)', 'gender': 'Male'}]","['Micheál Richardson', 'Mark Rolston', 'Josh Keaton', 'Vanessa Marshall', 'Corey Burton']","['Animation', 'Sci-Fi & Fantasy', 'Action & Adventure']","['Qui-Gon Jinn (voice)', 'Senator Dagonet (voice)', ""Senator's Son (voice)"", 'Village Elder (voice)', 'Armed Villager / Dooku (voice)']",Two Jedi are dispatched to resolve a hostage situation on a distant planet.,,
3947849,203085.0,Choices,Star Wars: Tales of the Jedi,2022-10-26,7.5,3.75,"[{'name': 'Andrew Kishino', 'character': 'Guard / Hanel (voice)', 'gender': 'Male'}, {'name': 'Brian George', 'character': 'Ki-Adi-Mundi (voice)', 'gender': 'Male'}, {'name': ""Terrence 'T.C.' Carson"", 'character': 'Mace Windu (voice)', 'gender': 'Male'}, {'name': 'Terrell Tilford', 'character': 'Semage (voice)', 'gender': 'Male'}, {'name': 'Theo Rossi', 'character': 'Senator Larik (voice)', 'gender': 'Male'}, {'name': 'Corey Burton', 'character': 'Dooku (voice)', 'gender': 'Male'}]","['Andrew Kishino', 'Brian George', ""Terrence 'T.C.' Carson"", 'Terrell Tilford', 'Theo Rossi', 'Corey Burton']","['Animation', 'Sci-Fi & Fantasy', 'Action & Adventure']","['Guard / Hanel (voice)', 'Ki-Adi-Mundi (voice)', 'Mace Windu (voice)', 'Semage (voice)', 'Senator Larik (voice)', 'Dooku (voice)']",Jedi Knights investigate the mysterious death of one of their own.,,
3947794,203085.0,Life and Death,Star Wars: Tales of the Jedi,2022-10-26,6.5,3.25,"[{'name': 'Toks Olagundoye', 'character': 'Gantika (voice)', 'gender': 'Female'}, {'name': 'Sunil Malhotra', 'character': 'Nak-il (voice)', 'gender': 'Male'}, {'name': 'Janina Gavankar', 'character': 'Pav-ti (voice)', 'gender': 'Female'}, {'name': 'Noshir Dalal', 'character': 'Villager (voice)', 'gender': 'Male'}]","['Toks Olagundoye', 'Sunil Malhotra', 'Janina Gavankar', 'Noshir Dalal']","['Animation', 'Sci-Fi & Fantasy', 'Action & Adventure']","['Gantika (voice)', 'Nak-il (voice)', 'Pav-ti (voice)', 'Villager (voice)']",A child goes through a rite of passage with unexpected results.,,
1893,,Star Wars: Episode I - The Phantom Menace,,1999-05-19,6.556,3.278,"[{'name': 'Liam Neeson', 'character': 'Qui-Gon Jinn', 'gender': 'Male'}, {'name': 'Ewan McGregor', 'character': 'Obi-Wan Kenobi', 'gender': 'Male'}, {'name': 'Natalie Portman', 'character': 'Padmé Amidala', 'gender': 'Female'}, {'name': 'Jake Lloyd', 'character': 'Anakin Skywalker', 'gender': 'Male'}, {'name': 'Ian McDiarmid', 'character': 'Senator Palpatine', 'gender': 'Male'}, {'name': 'Pernilla August', 'character': 'Shmi Skywalker', 'gender': 'Female'}, {'name': 'Oliver Ford Davies', 'character': 'Governor Sio Bibble', 'gender': 'Male'}, {'name': 'Hugh Quarshie', 'character': 'Captain Panaka', 'gender': 'Male'}, {'name': 'Ahmed Best', 'character': 'Jar Jar Binks', 'gender': 'Male'}, {'name': 'Anthony Daniels', 'character': 'C-3PO (voice)', 'gender': 'Male'}, {'name': 'Kenny Baker', 'character': 'R2-D2', 'gender': 'Male'}, {'name': 'Frank Oz', 'character': 'Yoda (voice)', 'gender': 'Male'}, {'name': 'Terence Stamp', 'character': 'Chancellor Valorum', 'gender': 'Male'}, {'name': 'Brian Blessed', 'character': 'Boss Nass (voice)', 'gender': 'Male'}, {'name': 'Andy Secombe', 'character': 'Watto (voice)', 'gender': 'Male'}, {'name': 'Ray Park', 'character': 'Darth Maul', 'gender': 'Male'}, {'name': 'Lewis Macleod', 'character': 'Sebulba (voice)', 'gender': 'Male'}, {'name': 'Warwick Davis', 'character': 'Wald / Pod race spectator / Mos Espa Citizen', 'gender': 'Male'}, {'name': 'Steve Speirs', 'character': 'Captain Tarpals', 'gender': 'Male'}, {'name': 'Silas Carson', 'character': 'Nute Gunray / Ki-Adi-Mundi / Lott Dodd / Republic Cruiser Pilot', 'gender': 'Male'}, {'name': 'Jerome St. John Blake', 'character': 'Mas Amenda / Orn Free Taa / Oppo Rancisis / Rune Haako / Horox Ryyder / Graxol Kelvynn / Mick Reckrap', 'gender': 'Male'}, {'name': 'Alan Ruscoe', 'character': 'Daultay Dofine / Plo Koon / Bib Fortuna', 'gender': 'Male'}, {'name': 'Ralph Brown', 'character': 'Ric Olié', 'gender': 'Male'}, {'name': 'Celia Imrie', 'character': 'Fighter Pilot Bravo 5', 'gender': 'Female'}, {'name': 'Benedict Taylor', 'character': 'Fighter Pilot Bravo 2', 'gender': 'Male'}, {'name': 'Clarence Smith', 'character': 'Fighter Pilot Bravo 3', 'gender': 'Male'}, {'name': 'Samuel L. Jackson', 'character': 'Mace Windu', 'gender': 'Male'}, {'name': 'Dominic West', 'character': 'Palace Guard', 'gender': 'Male'}, {'name': 'Karol Cristina da Silva', 'character': 'Rabé', 'gender': 'Female'}, {'name': 'Liz Wilson', 'character': 'Eirtaé', 'gender': 'Unknown'}, {'name': 'Candice Orwell', 'character': 'Yané', 'gender': 'Unknown'}, {'name': 'Sofia Coppola', 'character': 'Saché', 'gender': 'Female'}, {'name': 'Keira Knightley', 'character': 'Sabé', 'gender': 'Female'}, {'name': 'Bronagh Gallagher', 'character': 'Republic Cruiser Captain', 'gender': 'Female'}, {'name': 'John Fensom', 'character': 'TC-14', 'gender': 'Male'}, {'name': 'Greg Proops', 'character': 'Fode (voice)', 'gender': 'Male'}, {'name': 'Scott Capurro', 'character': 'Beed (voice)', 'gender': 'Male'}, {'name': 'Margaret Towner', 'character': 'Jira', 'gender': 'Female'}, {'name': 'Dhruv Chanchani', 'character': 'Kitster', 'gender': 'Male'}, {'name': 'Oliver Walpole', 'character': 'Seek', 'gender': 'Unknown'}, {'name': 'Megan Udall', 'character': 'Melee', 'gender': 'Unknown'}, {'name': 'Hassani Shapi', 'character': 'Eeth Koth', 'gender': 'Male'}, {'name': 'Gin Clarke', 'character': 'Adi Gallia', 'gender': 'Unknown'}, {'name': 'Khan Bonfils', 'character': 'Saesee Tiin', 'gender': 'Male'}, {'name': 'Michelle Taylor', 'character': 'Yarael Poof', 'gender': 'Female'}, {'name': 'Michaela Cottrell', 'character': 'Even Piell', 'gender': 'Unknown'}, {'name': ""Dipika O'Neill Joti"", 'character': 'Depa Billaba', 'gender': 'Female'}, {'name': 'Phil Eason', 'character': 'Yaddle', 'gender': 'Unknown'}, {'name': 'Mark Coulier', 'character': 'Aks Moe', 'gender': 'Male'}, {'name': 'Lindsay Duncan', 'character': 'TC-14 (voice)', 'gender': 'Female'}, {'name': 'Peter Serafinowicz', 'character': 'Darth Maul / Battle Droid Commander / Gungan Scout (voice)', 'gender': 'Male'}, {'name': 'James Taylor', 'character': 'Rune Haako (voice)', 'gender': 'Male'}, {'name': 'Chris Sanders', 'character': 'Daultay Dofine (voice)', 'gender': 'Male'}, {'name': 'Toby Longworth', 'character': 'Senator Lott Dodd / Gragra (voice)', 'gender': 'Male'}, {'name': 'Marc Silk', 'character': 'Aks Moe (voice)', 'gender': 'Male'}, {'name': 'Danny Wagner', 'character': 'Mawhonic', 'gender': 'Unknown'}, {'name': 'Amanda Lucas', 'character': 'Tey How / Diva Funquita (voice) (as Tyger)', 'gender': 'Unknown'}, {'name': 'Katie Lucas', 'character': 'Amee', 'gender': 'Unknown'}, {'name': 'Richard Armitage', 'character': 'Tonra', 'gender': 'Male'}, {'name': 'Sacha Alexander', 'character': 'Graf Zapalo - Advisor to Queen Amidala (uncredited)', 'gender': 'Unknown'}, {'name': 'Simon Allen', 'character': 'Flag Bearer (uncredited)', 'gender': 'Male'}, {'name': 'Paul Bannon', 'character': 'Pod Racer Mechanic (uncredited)', 'gender': 'Unknown'}, {'name': 'Don Bies', 'character': 'Pod Race Mechanic (uncredited)', 'gender': 'Unknown'}, {'name': 'Trisha Biggar', 'character': ""Orn Free Taa's Aide (uncredited)"", 'gender': 'Female'}, {'name': 'Michonne Bourriague', 'character': 'Aurra Sing (uncredited)', 'gender': 'Unknown'}, {'name': 'Douglas Bunn', 'character': 'Naboo Guard (uncredited)', 'gender': 'Unknown'}, {'name': 'Ben Burtt', 'character': 'Naboo Courier (uncredited)', 'gender': 'Male'}, {'name': 'Doug Chiang', 'character': 'Flag Bearer (uncredited)', 'gender': 'Male'}, {'name': 'Rob Coleman', 'character': ""Pod Race Spectator in Jabba's Private Box (uncredited)"", 'gender': 'Male'}, {'name': 'Roman Coppola', 'character': 'Senate Guard (uncredited)', 'gender': 'Male'}, {'name': 'Sean Cronin', 'character': 'Coruscant Senate Guard (uncredited)', 'gender': 'Male'}, {'name': 'Zsuzsanna Cseh', 'character': 'Pod Race Spectator (uncredited)', 'gender': 'Female'}, {'name': 'Matt Daniel-Baker', 'character': 'Naboo Foot Soldier (uncredited)', 'gender': 'Unknown'}, {'name': 'Russell Darling', 'character': 'Naboo Royal Security Guard (uncredited)', 'gender': 'Unknown'}, {'name': 'Philip Delancy', 'character': 'Naboo Starship Pilot (uncredited)', 'gender': 'Male'}, {'name': 'Sebastian Dewing', 'character': 'Senate Guard (uncredited)', 'gender': 'Unknown'}, {'name': 'Andrew Doucette', 'character': 'Pod Race Spectator (uncredited)', 'gender': 'Unknown'}, {'name': 'C. Michael Easton', 'character': 'Pod Race Spectator (uncredited)', 'gender': 'Unknown'}, {'name': 'Andrew Elias', 'character': 'Naboo Royal Guard (uncredited)', 'gender': 'Male'}, {'name': 'Catherine Ernster', 'character': 'Naboo Civilian (uncredited)', 'gender': 'Unknown'}, {'name': 'Salo Gardner', 'character': '(uncredited)', 'gender': 'Male'}, {'name': 'Andrew Gersh', 'character': 'Pod Race Spectator (uncredited)', 'gender': 'Male'}, {'name': 'Patrice Girod', 'character': 'Naboo Citizen (uncredited)', 'gender': 'Unknown'}, {'name': 'Ned Gorman', 'character': 'Naboo Citizen (uncredited)', 'gender': 'Unknown'}, {'name': 'Joss Gower', 'character': 'Naboo Fighter Pilot (uncredited)', 'gender': 'Male'}, {'name': 'Raymond Griffiths', 'character': 'GONK Droid (uncredited)', 'gender': 'Male'}, {'name': 'Nathan Hamill', 'character': 'Pod Race Spectator / Naboo Palace Guard (uncredited)', 'gender': 'Unknown'}, {'name': 'Tim Harrington', 'character': 'Naboo Security Guard (uncredited)', 'gender': 'Unknown'}, {'name': 'Sally Hawkins', 'character': 'Bystander (uncredited)', 'gender': 'Female'}, {'name': 'Jack Hayes', 'character': ""Pod Race Spectator in Jabba's Private Box (uncredited)"", 'gender': 'Male'}, {'name': 'Nifa Hindes', 'character': 'Ann Gella (uncredited)', 'gender': 'Female'}, {'name': 'Nishan Hindes', 'character': 'Tann Gella (uncredited)', 'gender': 'Female'}, {'name': 'Frank Huseyin', 'character': 'Jenn Smeel (uncredited)', 'gender': 'Unknown'}, {'name': 'Alexi Kaye Campbell', 'character': 'Naboo Guard (uncredited)', 'gender': 'Male'}, {'name': 'David Knight', 'character': 'Aqualish Alian (uncredited)', 'gender': 'Unknown'}, {'name': 'John Knoll', 'character': 'Lt. Rya Kirsch - Bravo 4 / Flag Bearer (uncredited)', 'gender': 'Male'}, {'name': 'Kamay Lau', 'character': 'Sei Taria - Senators Aide (uncredited)', 'gender': 'Unknown'}, {'name': 'Andrew Lawden', 'character': 'Naboo Foot Soldier (uncredited)', 'gender': 'Unknown'}, {'name': 'John M. Levin', 'character': 'Naboo Fighter Pilot / Naboo Citizen / Senator (uncredited)', 'gender': 'Male'}, {'name': 'Dan Madsen', 'character': 'Kaadu Handler (uncredited)', 'gender': 'Unknown'}, {'name': 'Iain McCaig', 'character': ""Orn Free Taa's Aide (uncredited)"", 'gender': 'Male'}, {'name': 'Rick McCallum', 'character': 'Naboo Courier (uncredited)', 'gender': 'Male'}, {'name': 'João Costa Menezes', 'character': 'Naboo Fighter Pilot (uncredited)', 'gender': 'Male'}, {'name': 'Lorne Peterson', 'character': 'Mos Espa Citizen (uncredited)', 'gender': 'Male'}, {'name': 'Andrew Raven', 'character': 'Naboo Soldier (uncredited)', 'gender': 'Unknown'}, {'name': 'Steve Sansweet', 'character': 'Naboo Courier (uncredited)', 'gender': 'Male'}, {'name': 'Mike Savva', 'character': 'Naboo Royal Guard (uncredited)', 'gender': 'Unknown'}, {'name': 'Chris Scarabosio', 'character': 'Neumodian Senator (voice) (uncredited)', 'gender': 'Male'}, {'name': 'Jeff Shay', 'character': 'Pod race spectator (uncredited)', 'gender': 'Unknown'}, {'name': 'Christian Simpson', 'character': 'Lt. Gavyn Sykes - Bravo 6 (uncredited)', 'gender': 'Male'}, {'name': 'Paul Martin Smith', 'character': 'Naboo Courier (uncredited)', 'gender': 'Male'}, {'name': 'Scott Squires', 'character': 'Naboo Speeder Driver (uncredited)', 'gender': 'Male'}, {'name': 'Tom Sylla', 'character': 'Battle Droid (voice) (uncredited)', 'gender': 'Male'}, {'name': 'Bill Tlusty', 'character': ""Chokk, Jabba's Bodyguard (uncredited)"", 'gender': 'Unknown'}, {'name': 'Matthew Wood', 'character': 'Bib Fortuna / Ody Mandrell (voice) (uncredited)', 'gender': 'Male'}, {'name': 'Jeff Olson', 'character': ""Pod Race Spectator in Jabba's Private Box (uncredited)"", 'gender': 'Unknown'}, {'name': 'Michael Dondero', 'character': 'Battle Droid / Protocol Droid (voice) (uncredited)', 'gender': 'Male'}, {'name': 'Scott Schumann', 'character': 'Jabba the Hutt (voice) (uncredited)', 'gender': 'Male'}]","['Liam Neeson', 'Ewan McGregor', 'Natalie Portman', 'Jake Lloyd', 'Ian McDiarmid', 'Pernilla August', 'Oliver Ford Davies', 'Hugh Quarshie', 'Ahmed Best', 'Anthony Daniels', 'Kenny Baker', 'Frank Oz', 'Terence Stamp', 'Brian Blessed', 'Andy Secombe', 'Ray Park', 'Lewis Macleod', 'Warwick Davis', 'Steve Speirs', 'Silas Carson', 'Jerome St. John Blake', 'Alan Ruscoe', 'Ralph Brown', 'Celia Imrie', 'Benedict Taylor', 'Clarence Smith', 'Samuel L. Jackson', 'Dominic West', 'Karol Cristina da Silva', 'Liz Wilson', 'Candice Orwell', 'Sofia Coppola', 'Keira Knightley', 'Bronagh Gallagher', 'John Fensom', 'Greg Proops', 'Scott Capurro', 'Margaret Towner', 'Dhruv Chanchani', 'Oliver Walpole', 'Megan Udall', 'Hassani Shapi', 'Gin Clarke', 'Khan Bonfils', 'Michelle Taylor', 'Michaela Cottrell', ""Dipika O'Neill Joti"", 'Phil Eason', 'Mark Coulier', 'Lindsay Duncan', 'Peter Serafinowicz', 'James Taylor', 'Chris Sanders', 'Toby Longworth', 'Marc Silk', 'Danny Wagner', 'Amanda Lucas', 'Katie Lucas', 'Richard Armitage', 'Sacha Alexander', 'Simon Allen', 'Paul Bannon', 'Don Bies', 'Trisha Biggar', 'Michonne Bourriague', 'Douglas Bunn', 'Ben Burtt', 'Doug Chiang', 'Rob Coleman', 'Roman Coppola', 'Sean Cronin', 'Zsuzsanna Cseh', 'Matt Daniel-Baker', 'Russell Darling', 'Philip Delancy', 'Sebastian Dewing', 'Andrew Doucette', 'C. Michael Easton', 'Andrew Elias', 'Catherine Ernster', 'Salo Gardner', 'Andrew Gersh', 'Patrice Girod', 'Ned Gorman', 'Joss Gower', 'Raymond Griffiths', 'Nathan Hamill', 'Tim Harrington', 'Sally Hawkins', 'Jack Hayes', 'Nifa Hindes', 'Nishan Hindes', 'Frank Huseyin', 'Alexi Kaye Campbell', 'David Knight', 'John Knoll', 'Kamay Lau', 'Andrew Lawden', 'John M. Levin', 'Dan Madsen', 'Iain McCaig', 'Rick McCallum', 'João Costa Menezes', 'Lorne Peterson', 'Andrew Raven', 'Steve Sansweet', 'Mike Savva', 'Chris Scarabosio', 'Jeff Shay', 'Christian Simpson', 'Paul Martin Smith', 'Scott Squires', 'Tom Sylla', 'Bill Tlusty', 'Matthew Wood', 'Jeff Olson', 'Michael Dondero', 'Scott Schumann']","['Adventure', 'Action', 'Science Fiction']","['Qui-Gon Jinn', 'Obi-Wan Kenobi', 'Padmé Amidala', 'Anakin Skywalker', 'Senator Palpatine', 'Shmi Skywalker', 'Governor Sio Bibble', 'Captain Panaka', 'Jar Jar Binks', 'C-3PO (voice)', 'R2-D2', 'Yoda (voice)', 'Chancellor Valorum', 'Boss Nass (voice)', 'Watto (voice)', 'Darth Maul', 'Sebulba (voice)', 'Wald / Pod race spectator / Mos Espa Citizen', 'Captain Tarpals', 'Nute Gunray / Ki-Adi-Mundi / Lott Dodd / Republic Cruiser Pilot', 'Mas Amenda / Orn Free Taa / Oppo Rancisis / Rune Haako / Horox Ryyder / Graxol Kelvynn / Mick Reckrap', 'Daultay Dofine / Plo Koon / Bib Fortuna', 'Ric Olié', 'Fighter Pilot Bravo 5', 'Fighter Pilot Bravo 2', 'Fighter Pilot Bravo 3', 'Mace Windu', 'Palace Guard', 'Rabé', 'Eirtaé', 'Yané', 'Saché', 'Sabé', 'Republic Cruiser Captain', 'TC-14', 'Fode (voice)', 'Beed (voice)', 'Jira', 'Kitster', 'Seek', 'Melee', 'Eeth Koth', 'Adi Gallia', 'Saesee Tiin', 'Yarael Poof', 'Even Piell', 'Depa Billaba', 'Yaddle', 'Aks Moe', 'TC-14 (voice)', 'Darth Maul / Battle Droid Commander / Gungan Scout (voice)', 'Rune Haako (voice)', 'Daultay Dofine (voice)', 'Senator Lott Dodd / Gragra (voice)', 'Aks Moe (voice)', 'Mawhonic', 'Tey How / Diva Funquita (voice) (as Tyger)', 'Amee', 'Tonra', 'Graf Zapalo - Advisor to Queen Amidala (uncredited)', 'Flag Bearer (uncredited)', 'Pod Racer Mechanic (uncredited)', 'Pod Race Mechanic (uncredited)', ""Orn Free Taa's Aide (uncredited)"", 'Aurra Sing (uncredited)', 'Naboo Guard (uncredited)', 'Naboo Courier (uncredited)', 'Flag Bearer (uncredited)', ""Pod Race Spectator in Jabba's Private Box (uncredited)"", 'Senate Guard (uncredited)', 'Coruscant Senate Guard (uncredited)', 'Pod Race Spectator (uncredited)', 'Naboo Foot Soldier (uncredited)', 'Naboo Royal Security Guard (uncredited)', 'Naboo Starship Pilot (uncredited)', 'Senate Guard (uncredited)', 'Pod Race Spectator (uncredited)', 'Pod Race Spectator (uncredited)', 'Naboo Royal Guard (uncredited)', 'Naboo Civilian (uncredited)', '(uncredited)', 'Pod Race Spectator (uncredited)', 'Naboo Citizen (uncredited)', 'Naboo Citizen (uncredited)', 'Naboo Fighter Pilot (uncredited)', 'GONK Droid (uncredited)', 'Pod Race Spectator / Naboo Palace Guard (uncredited)', 'Naboo Security Guard (uncredited)', 'Bystander (uncredited)', ""Pod Race Spectator in Jabba's Private Box (uncredited)"", 'Ann Gella (uncredited)', 'Tann Gella (uncredited)', 'Jenn Smeel (uncredited)', 'Naboo Guard (uncredited)', 'Aqualish Alian (uncredited)', 'Lt. Rya Kirsch - Bravo 4 / Flag Bearer (uncredited)', 'Sei Taria - Senators Aide (uncredited)', 'Naboo Foot Soldier (uncredited)', 'Naboo Fighter Pilot / Naboo Citizen / Senator (uncredited)', 'Kaadu Handler (uncredited)', ""Orn Free Taa's Aide (uncredited)"", 'Naboo Courier (uncredited)', 'Naboo Fighter Pilot (uncredited)', 'Mos Espa Citizen (uncredited)', 'Naboo Soldier (uncredited)', 'Naboo Courier (uncredited)', 'Naboo Royal Guard (uncredited)', 'Neumodian Senator (voice) (uncredited)', 'Pod race spectator (uncredited)', 'Lt. Gavyn Sykes - Bravo 6 (uncredited)', 'Naboo Courier (uncredited)', 'Naboo Speeder Driver (uncredited)', 'Battle Droid (voice) (uncredited)', ""Chokk, Jabba's Bodyguard (uncredited)"", 'Bib Fortuna / Ody Mandrell (voice) (uncredited)', ""Pod Race Spectator in Jabba's Private Box (uncredited)"", 'Battle Droid / Protocol Droid (voice) (uncredited)', 'Jabba the Hutt (voice) (uncredited)']","Anakin Skywalker, a young slave strong with the Force, is discovered on Tatooine. Meanwhile, the evil Sith have returned, enacting their plot for revenge against the Jedi.",,needs review
3947846,203085.0,The Sith Lord,Star Wars: Tales of the Jedi,2022-10-26,8.4,4.2,"[{'name': 'Ian McDiarmid', 'character': 'Darth Sidious (voice)', 'gender': 'Male'}, {'name': 'Meg Marchand', 'character': 'Jedi Temple Archive Voice (voice)', 'gender': 'Female'}, {'name': 'Flo Di Re', 'character': 'Jocasta Nu (voice)', 'gender': 'Female'}, {'name': 'Liam Neeson', 'character': 'Qui-Gon Jinn (voice)', 'gender': 'Male'}, {'name': 'Bryce Dallas Howard', 'character': 'Yaddle (voice)', 'gender': 'Female'}, {'name': 'Corey Burton', 'character': 'Dooku (voice)', 'gender': 'Male'}]","['Ian McDiarmid', 'Meg Marchand', 'Flo Di Re', 'Liam Neeson', 'Bryce Dallas Howard', 'Corey Burton']","['Animation', 'Sci-Fi & Fantasy', 'Action & Adventure']","['Darth Sidious (voice)', 'Jedi Temple Archive Voice (voice)', 'Jocasta Nu (voice)', 'Qui-Gon Jinn (voice)', 'Yaddle (voice)', 'Dooku (voice)']",A Jedi master makes a troubling discovery.,,
1894,,Star Wars: Episode II - Attack of the Clones,,2002-05-15,6.571,3.2855,"[{'name': 'Hayden Christensen', 'character': 'Anakin Skywalker', 'gender': 'Male'}, {'name': 'Ewan McGregor', 'character': 'Obi-Wan Kenobi', 'gender': 'Male'}, {'name': 'Natalie Portman', 'character': 'Padmé Amidala', 'gender': 'Female'}, {'name': 'Christopher Lee', 'character': 'Count Dooku', 'gender': 'Male'}, {'name': 'Samuel L. Jackson', 'character': 'Mace Windu', 'gender': 'Male'}, {'name': 'Frank Oz', 'character': 'Yoda (voice)', 'gender': 'Male'}, {'name': 'Ian McDiarmid', 'character': 'Chancellor Palpatine', 'gender': 'Male'}, {'name': 'Pernilla August', 'character': 'Shmi Skywalker', 'gender': 'Female'}, {'name': 'Temuera Morrison', 'character': 'Jango Fett / Clone Troopers', 'gender': 'Male'}, {'name': 'Jimmy Smits', 'character': 'Senator Bail Organa', 'gender': 'Male'}, {'name': 'Jack Thompson', 'character': 'Cliegg Lars', 'gender': 'Male'}, {'name': 'Leeanna Walsman', 'character': 'Zam Wesell', 'gender': 'Female'}, {'name': 'Ahmed Best', 'character': 'Jar Jar Binks / Achk Med-Beq (voice)', 'gender': 'Male'}, {'name': 'Rose Byrne', 'character': 'Dormé', 'gender': 'Female'}, {'name': 'Oliver Ford Davies', 'character': 'Governor Sio Bibble', 'gender': 'Male'}, {'name': 'Ron Falk', 'character': 'Dexter Jettster (voice)', 'gender': 'Male'}, {'name': ""Jay Laga'aia"", 'character': 'Captain Typho', 'gender': 'Male'}, {'name': 'Andy Secombe', 'character': 'Watto (voice)', 'gender': 'Male'}, {'name': 'Anthony Daniels', 'character': 'C-3PO / Dannl Faytonni', 'gender': 'Male'}, {'name': 'Silas Carson', 'character': 'Viceroy Nute Gunray / Ki-Adi Mundi', 'gender': 'Male'}, {'name': 'Ayesha Dharker', 'character': 'Queen Jamillia', 'gender': 'Female'}, {'name': 'Daniel Logan', 'character': 'Boba Fett', 'gender': 'Male'}, {'name': 'Joel Edgerton', 'character': 'Owen Lars', 'gender': 'Male'}, {'name': 'Bonnie Piesse', 'character': 'Beru', 'gender': 'Female'}, {'name': 'Anthony Phelan', 'character': 'Lama Su (voice)', 'gender': 'Male'}, {'name': 'Rena Owen', 'character': 'Taun We (voice)', 'gender': 'Female'}, {'name': 'Alethea McGrath', 'character': 'Madame Jocasta Nu', 'gender': 'Female'}, {'name': 'Susie Porter', 'character': 'Hermione Bagwa / WA-7', 'gender': 'Female'}, {'name': 'Matt Doran', 'character': 'Elan Sleazebaggano', 'gender': 'Male'}, {'name': 'Alan Ruscoe', 'character': 'Gilramos Libkath', 'gender': 'Male'}, {'name': 'Veronica Segura', 'character': 'Cordé', 'gender': 'Female'}, {'name': 'David Bowers', 'character': 'Mas Amedda', 'gender': 'Male'}, {'name': 'Steve John Shepherd', 'character': 'Naboo lieutenant', 'gender': 'Male'}, {'name': 'Bodie Taylor', 'character': 'Clone Trooper', 'gender': 'Male'}, {'name': 'Matt Rowan', 'character': 'Senator Orn Free Taa', 'gender': 'Unknown'}, {'name': 'Steven Boyle', 'character': 'Senator Ask Aak / Passel Argente', 'gender': 'Male'}, {'name': 'Zachariah Jensen', 'character': 'Kit Fisto', 'gender': 'Unknown'}, {'name': 'Alex Knoll', 'character': 'J.K. Burtola', 'gender': 'Unknown'}, {'name': 'Phoebe Yiamkiati', 'character': 'Mari Amithest', 'gender': 'Unknown'}, {'name': 'Kenny Baker', 'character': 'R2-D2', 'gender': 'Male'}, {'name': 'Jerome St. John Blake', 'character': 'Oppo Rancisis', 'gender': 'Male'}, {'name': 'Hassani Shapi', 'character': 'Eeth Koth', 'gender': 'Male'}, {'name': 'Gin Clarke', 'character': 'Adi Gallia', 'gender': 'Unknown'}, {'name': 'Khan Bonfils', 'character': 'Saesee Tiin', 'gender': 'Male'}, {'name': 'Michaela Cottrell', 'character': 'Even Piell', 'gender': 'Unknown'}, {'name': ""Dipika O'Neill Joti"", 'character': 'Depa Billaba', 'gender': 'Female'}, {'name': 'Marton Csokas', 'character': 'Poggle the Lesser (voice) (uncredited)', 'gender': 'Male'}, {'name': 'Tux Akindoyeni', 'character': 'Agen Kolar (uncredited)', 'gender': 'Unknown'}, {'name': 'Sacha Alexander', 'character': 'Graf Zapalo - Advisor to Queen Jamillia (uncredited)', 'gender': 'Unknown'}, {'name': 'Giulio Alimenti', 'character': 'Naboo Holy Man (uncredited)', 'gender': 'Unknown'}, {'name': 'Amy Allen', 'character': 'Aayla Secura / Mya Nalle / Yma Nalle / Lela Mayn (uncredited)', 'gender': 'Female'}, {'name': 'Nicolas Anastassiou', 'character': 'Nicanas Tassu (uncredited)', 'gender': 'Unknown'}, {'name': 'Jason Baird', 'character': 'Bairdon Jace (uncredited)', 'gender': 'Male'}, {'name': 'Don Bies', 'character': 'Artuo Pratuhr (uncredited)', 'gender': 'Unknown'}, {'name': 'Jamel Boukabou', 'character': 'Tusken Raider (uncredited)', 'gender': 'Unknown'}, {'name': 'Kristen Bronson', 'character': 'Waitress (uncredited)', 'gender': 'Unknown'}, {'name': 'Douglas Bunn', 'character': 'Naboo Guard (uncredited)', 'gender': 'Unknown'}, {'name': 'Caine', 'character': 'The Courier (uncredited)', 'gender': 'Unknown'}, {'name': 'David John Clark', 'character': 'Starfreighter Security Officer (uncredited)', 'gender': 'Male'}, {'name': 'Natalie Danks-Smith', 'character': 'Hand Maiden (uncredited)', 'gender': 'Unknown'}, {'name': 'Russell Darling', 'character': 'Coruscant Starfreighter Passenger (uncredited)', 'gender': 'Unknown'}, {'name': 'Justin Dix', 'character': 'Dixon Just (uncredited)', 'gender': 'Male'}, {'name': 'C. Michael Easton', 'character': 'Bus Driver (uncredited)', 'gender': 'Unknown'}, {'name': 'Nicole Fantl', 'character': 'Senator Lexi Dio (uncredited)', 'gender': 'Unknown'}, {'name': 'Sandi Finlay', 'character': 'Sly Moore (uncredited)', 'gender': 'Unknown'}, {'name': 'Stephen George', 'character': 'Senator Ronet Coorr (uncredited)', 'gender': 'Unknown'}, {'name': 'Zuraya Hamilton', 'character': 'Jedi Khatt Qiyn (uncredited)', 'gender': 'Unknown'}, {'name': 'Hilton Howson', 'character': 'Toonbuck Toora (uncredited)', 'gender': 'Unknown'}, {'name': 'Fiona Johnson', 'character': 'Hayde Gofai (uncredited)', 'gender': 'Female'}, {'name': 'Sara Elizabeth Joyce', 'character': ""Dex's Diner Bounty Hunter (uncredited)"", 'gender': 'Unknown'}, {'name': 'Luke Kearney', 'character': 'Jedi (uncredited)', 'gender': 'Male'}, {'name': 'Nalini Krishan', 'character': 'Barriss Offee (uncredited)', 'gender': 'Female'}, {'name': 'Gillian Libbert', 'character': 'Lillea Bringbit (uncredited)', 'gender': 'Unknown'}, {'name': 'Amanda Lucas', 'character': 'Adnama (uncredited)', 'gender': 'Unknown'}, {'name': 'Jett Lucas', 'character': 'Zett Jukassa (uncredited)', 'gender': 'Male'}, {'name': 'Katie Lucas', 'character': 'Lunae Minx (uncredited)', 'gender': 'Unknown'}, {'name': 'Daniel Perrott', 'character': 'Coruscant Club Patron & Rodian Refugee (uncredited)', 'gender': 'Unknown'}, {'name': 'Kyle Rowling', 'character': 'Joclad Danva (uncredited)', 'gender': 'Male'}, {'name': 'Joseph Jett Sally', 'character': 'Sephjet Josall (uncredited)', 'gender': 'Unknown'}, {'name': 'Juan Luis Sanchez', 'character': 'Temple Jedi (uncredited)', 'gender': 'Unknown'}, {'name': 'Mike Savva', 'character': 'Naboo Cruiser Officer (uncredited)', 'gender': 'Unknown'}, {'name': 'Kevin Scott', 'character': 'Tatooine Resident (uncredited)', 'gender': 'Male'}, {'name': 'Zeynep Selcuk', 'character': 'Zey Nep (uncredited)', 'gender': 'Unknown'}, {'name': 'Orli Shoshan', 'character': 'Shaak Ti (uncredited)', 'gender': 'Unknown'}, {'name': 'Richard Stride', 'character': 'Clone Trooper (uncredited)', 'gender': 'Unknown'}, {'name': 'Leonard L. Thomas', 'character': 'Roth-Del Masona - Arena Jedi (uncredited)', 'gender': 'Male'}, {'name': 'Trevor Tighe', 'character': 'Civ Sila (uncredited)', 'gender': 'Unknown'}, {'name': 'Christopher Truswell', 'character': 'Rune Haako / Shu Mai / San Hill / Wat Tambor / Sun Fac (voice) (uncredited)', 'gender': 'Unknown'}, {'name': 'Ian Watkin', 'character': 'COO-2180 (uncredited)', 'gender': 'Male'}, {'name': 'R. Christopher White', 'character': 'Clone War Jedi (uncredited)', 'gender': 'Male'}, {'name': 'Matthew Wood', 'character': 'Geonosis Battle Droid / Magaloof / Seboca (voice) (uncredited)', 'gender': 'Male'}, {'name': 'Matt Sloan', 'character': 'Plo Koon', 'gender': 'Male'}, {'name': 'Emma Howard', 'character': 'Sar Labooda (uncredited)', 'gender': 'Unknown'}, {'name': 'Jesse Jensen', 'character': 'Saesee Tiin - Arena Sequences (uncredited)', 'gender': 'Male'}, {'name': 'Ian Roberts', 'character': 'Ganwick Trag (uncredited)', 'gender': 'Male'}]","['Hayden Christensen', 'Ewan McGregor', 'Natalie Portman', 'Christopher Lee', 'Samuel L. Jackson', 'Frank Oz', 'Ian McDiarmid', 'Pernilla August', 'Temuera Morrison', 'Jimmy Smits', 'Jack Thompson', 'Leeanna Walsman', 'Ahmed Best', 'Rose Byrne', 'Oliver Ford Davies', 'Ron Falk', ""Jay Laga'aia"", 'Andy Secombe', 'Anthony Daniels', 'Silas Carson', 'Ayesha Dharker', 'Daniel Logan', 'Joel Edgerton', 'Bonnie Piesse', 'Anthony Phelan', 'Rena Owen', 'Alethea McGrath', 'Susie Porter', 'Matt Doran', 'Alan Ruscoe', 'Veronica Segura', 'David Bowers', 'Steve John Shepherd', 'Bodie Taylor', 'Matt Rowan', 'Steven Boyle', 'Zachariah Jensen', 'Alex Knoll', 'Phoebe Yiamkiati', 'Kenny Baker', 'Jerome St. John Blake', 'Hassani Shapi', 'Gin Clarke', 'Khan Bonfils', 'Michaela Cottrell', ""Dipika O'Neill Joti"", 'Marton Csokas', 'Tux Akindoyeni', 'Sacha Alexander', 'Giulio Alimenti', 'Amy Allen', 'Nicolas Anastassiou', 'Jason Baird', 'Don Bies', 'Jamel Boukabou', 'Kristen Bronson', 'Douglas Bunn', 'Caine', 'David John Clark', 'Natalie Danks-Smith', 'Russell Darling', 'Justin Dix', 'C. Michael Easton', 'Nicole Fantl', 'Sandi Finlay', 'Stephen George', 'Zuraya Hamilton', 'Hilton Howson', 'Fiona Johnson', 'Sara Elizabeth Joyce', 'Luke Kearney', 'Nalini Krishan', 'Gillian Libbert', 'Amanda Lucas', 'Jett Lucas', 'Katie Lucas', 'Daniel Perrott', 'Kyle Rowling', 'Joseph Jett Sally', 'Juan Luis Sanchez', 'Mike Savva', 'Kevin Scott', 'Zeynep Selcuk', 'Orli Shoshan', 'Richard Stride', 'Leonard L. Thomas', 'Trevor Tighe', 'Christopher Truswell', 'Ian Watkin', 'R. Christopher White', 'Matthew Wood', 'Matt Sloan', 'Emma Howard', 'Jesse Jensen', 'Ian Roberts']","['Adventure', 'Action', 'Science Fiction']","['Anakin Skywalker', 'Obi-Wan Kenobi', 'Padmé Amidala', 'Count Dooku', 'Mace Windu', 'Yoda (voice)', 'Chancellor Palpatine', 'Shmi Skywalker', 'Jango Fett / Clone Troopers', 'Senator Bail Organa', 'Cliegg Lars', 'Zam Wesell', 'Jar Jar Binks / Achk Med-Beq (voice)', 'Dormé', 'Governor Sio Bibble', 'Dexter Jettster (voice)', 'Captain Typho', 'Watto (voice)', 'C-3PO / Dannl Faytonni', 'Viceroy Nute Gunray / Ki-Adi Mundi', 'Queen Jamillia', 'Boba Fett', 'Owen Lars', 'Beru', 'Lama Su (voice)', 'Taun We (voice)', 'Madame Jocasta Nu', 'Hermione Bagwa / WA-7', 'Elan Sleazebaggano', 'Gilramos Libkath', 'Cordé', 'Mas Amedda', 'Naboo lieutenant', 'Clone Trooper', 'Senator Orn Free Taa', 'Senator Ask Aak / Passel Argente', 'Kit Fisto', 'J.K. Burtola', 'Mari Amithest', 'R2-D2', 'Oppo Rancisis', 'Eeth Koth', 'Adi Gallia', 'Saesee Tiin', 'Even Piell', 'Depa Billaba', 'Poggle the Lesser (voice) (uncredited)', 'Agen Kolar (uncredited)', 'Graf Zapalo - Advisor to Queen Jamillia (uncredited)', 'Naboo Holy Man (uncredited)', 'Aayla Secura / Mya Nalle / Yma Nalle / Lela Mayn (uncredited)', 'Nicanas Tassu (uncredited)', 'Bairdon Jace (uncredited)', 'Artuo Pratuhr (uncredited)', 'Tusken Raider (uncredited)', 'Waitress (uncredited)', 'Naboo Guard (uncredited)', 'The Courier (uncredited)', 'Starfreighter Security Officer (uncredited)', 'Hand Maiden (uncredited)', 'Coruscant Starfreighter Passenger (uncredited)', 'Dixon Just (uncredited)', 'Bus Driver (uncredited)', 'Senator Lexi Dio (uncredited)', 'Sly Moore (uncredited)', 'Senator Ronet Coorr (uncredited)', 'Jedi Khatt Qiyn (uncredited)', 'Toonbuck Toora (uncredited)', 'Hayde Gofai (uncredited)', ""Dex's Diner Bounty Hunter (uncredited)"", 'Jedi (uncredited)', 'Barriss Offee (uncredited)', 'Lillea Bringbit (uncredited)', 'Adnama (uncredited)', 'Zett Jukassa (uncredited)', 'Lunae Minx (uncredited)', 'Coruscant Club Patron & Rodian Refugee (uncredited)', 'Joclad Danva (uncredited)', 'Sephjet Josall (uncredited)', 'Temple Jedi (uncredited)', 'Naboo Cruiser Officer (uncredited)', 'Tatooine Resident (uncredited)', 'Zey Nep (uncredited)', 'Shaak Ti (uncredited)', 'Clone Trooper (uncredited)', 'Roth-Del Masona - Arena Jedi (uncredited)', 'Civ Sila (uncredited)', 'Rune Haako / Shu Mai / San Hill / Wat Tambor / Sun Fac (voice) (uncredited)', 'COO-2180 (uncredited)', 'Clone War Jedi (uncredited)', 'Geonosis Battle Droid / Magaloof / Seboca (voice) (uncredited)', 'Plo Koon', 'Sar Labooda (uncredited)', 'Saesee Tiin - Arena Sequences (uncredited)', 'Ganwick Trag (uncredited)']","Following an assassination attempt on Senator Padmé Amidala, Jedi Knights Anakin Skywalker and Obi-Wan Kenobi investigate a mysterious plot that could change the galaxy forever.",,needs review
